<?xml version="1.0" encoding="windows-1251"?>
  <herotool.GONode id="0">
    <herotool.gameobjects.Dummy id="1">
      <String name="step3"/>
      <boolean visible="true"/>
      <int size="0"/>
    </herotool.gameobjects.Dummy>
    <int connectionsCount="0"/>
    <int childCount="6"/>
    <herotool.GONode id="2">
      <herotool.gameobjects.Time id="3">
        <String name="Time"/>
        <boolean visible="true"/>
        <int size="0"/>
      </herotool.gameobjects.Time>
      <int connectionsCount="0"/>
      <int childCount="0"/>
    </herotool.GONode>
    <herotool.GONode id="4">
      <herotool.gameobjects.Grid id="5">
        <String name="grid"/>
        <boolean visible="true"/>
        <int size="0"/>
        <double tx="0.0"/>
        <double ty="0.0"/>
        <double sx="16.0"/>
        <double sy="16.0"/>
        <double angle="0.0"/>
        <double pivotX="0.0"/>
        <double pivotY="0.0"/>
        <boolean displayPivot="true"/>
        <float opacity="0.0"/>
        <boolean snap="false"/>
        <int checkerColor1_r="253"/>
        <int checkerColor1_g="253"/>
        <int checkerColor1_b="253"/>
        <int checkerColor2_r="202"/>
        <int checkerColor2_g="204"/>
        <int checkerColor2_b="202"/>
      </herotool.gameobjects.Grid>
      <int connectionsCount="0"/>
      <int childCount="0"/>
    </herotool.GONode>
    <herotool.GONode id="6">
      <dragontool.TransformZ id="7">
        <String name="panel"/>
        <boolean visible="false"/>
        <int size="0"/>
        <double tx="100.0"/>
        <double ty="0.0"/>
        <double sx="1.0"/>
        <double sy="1.0"/>
        <double angle="-0.0"/>
        <double pivotX="0.0"/>
        <double pivotY="0.0"/>
        <boolean displayPivot="false"/>
        <float opacity="1.0"/>
        <int zOrder="1"/>
      <int tint_r="255"/> <int tint_g="255"/> <int tint_b="255"/> </dragontool.TransformZ>
      <int connectionsCount="0"/>
      <int childCount="8"/>
      <herotool.GONode id="8">
        <dragontool.TransformZ id="9">
          <String name="panelTile"/>
          <boolean visible="true"/>
          <int size="0"/>
          <double tx="0.0"/>
          <double ty="0.0"/>
          <double sx="1.0"/>
          <double sy="1.0"/>
          <double angle="-0.0"/>
          <double pivotX="0.0"/>
          <double pivotY="0.0"/>
          <boolean displayPivot="false"/>
          <float opacity="1.0"/>
          <int zOrder="0"/>
        <int tint_r="255"/> <int tint_g="255"/> <int tint_b="255"/> </dragontool.TransformZ>
        <int connectionsCount="0"/>
        <int childCount="1"/>
        <herotool.GONode id="10">
          <herotool.gameobjects.Sprite id="11">
            <String name="panelTile"/>
            <boolean visible="true"/>
            <int size="0"/>
            <String path="sprites\panelTile.png"/>
          </herotool.gameobjects.Sprite>
          <int connectionsCount="0"/>
          <int childCount="0"/>
        </herotool.GONode>
      </herotool.GONode>
      <herotool.GONode id="12">
        <dragontool.TransformZ id="13">
          <String name="itemSlot"/>
          <boolean visible="true"/>
          <int size="0"/>
          <double tx="128.0"/>
          <double ty="-5.0"/>
          <double sx="1.0"/>
          <double sy="1.0"/>
          <double angle="-0.0"/>
          <double pivotX="0.0"/>
          <double pivotY="0.0"/>
          <boolean displayPivot="false"/>
          <float opacity="1.0"/>
          <int zOrder="1"/>
        <int tint_r="255"/> <int tint_g="255"/> <int tint_b="255"/> </dragontool.TransformZ>
        <int connectionsCount="0"/>
        <int childCount="1"/>
        <herotool.GONode id="14">
          <herotool.gameobjects.Sprite id="15">
            <String name="itemSlot"/>
            <boolean visible="true"/>
            <int size="0"/>
            <String path="sprites\itemSlot.png"/>
          </herotool.gameobjects.Sprite>
          <int connectionsCount="0"/>
          <int childCount="0"/>
        </herotool.GONode>
      </herotool.GONode>
      <herotool.GONode id="16">
        <dragontool.TransformZ id="17">
          <String name="dragon"/>
          <boolean visible="true"/>
          <int size="0"/>
          <double tx="11.0"/>
          <double ty="-16.0"/>
          <double sx="1.0"/>
          <double sy="1.0"/>
          <double angle="-0.0"/>
          <double pivotX="0.0"/>
          <double pivotY="0.0"/>
          <boolean displayPivot="false"/>
          <float opacity="1.0"/>
          <int zOrder="2"/>
        <int tint_r="255"/> <int tint_g="255"/> <int tint_b="255"/> </dragontool.TransformZ>
        <int connectionsCount="0"/>
        <int childCount="1"/>
        <herotool.GONode id="18">
          <herotool.gameobjects.Sprite id="19">
            <String name="dragon"/>
            <boolean visible="true"/>
            <int size="0"/>
            <String path="sprites\dragon.png"/>
          </herotool.gameobjects.Sprite>
          <int connectionsCount="0"/>
          <int childCount="0"/>
        </herotool.GONode>
      </herotool.GONode>
      <herotool.GONode id="20">
        <dragontool.TransformZ id="21">
          <String name="itemSlot"/>
          <boolean visible="true"/>
          <int size="0"/>
          <double tx="19.0"/>
          <double ty="-5.0"/>
          <double sx="1.0"/>
          <double sy="1.0"/>
          <double angle="-0.0"/>
          <double pivotX="0.0"/>
          <double pivotY="0.0"/>
          <boolean displayPivot="false"/>
          <float opacity="1.0"/>
          <int zOrder="3"/>
        <int tint_r="255"/> <int tint_g="255"/> <int tint_b="255"/> </dragontool.TransformZ>
        <int connectionsCount="0"/>
        <int childCount="1"/>
        <herotool.GONodeInstance id="22">
          <herotool.GONode id="14"/>
        </herotool.GONodeInstance>
      </herotool.GONode>
      <herotool.GONode id="23">
        <dragontool.TransformZ id="24">
          <String name="apGreen"/>
          <boolean visible="true"/>
          <int size="0"/>
          <double tx="53.0"/>
          <double ty="-2.0"/>
          <double sx="1.0"/>
          <double sy="1.0"/>
          <double angle="-0.0"/>
          <double pivotX="0.0"/>
          <double pivotY="0.0"/>
          <boolean displayPivot="false"/>
          <float opacity="1.0"/>
          <int zOrder="4"/>
        <int tint_r="255"/> <int tint_g="255"/> <int tint_b="255"/> </dragontool.TransformZ>
        <int connectionsCount="0"/>
        <int childCount="1"/>
        <herotool.GONode id="25">
          <herotool.gameobjects.Sprite id="26">
            <String name="apGreen"/>
            <boolean visible="true"/>
            <int size="0"/>
            <String path="sprites\apGreen.png"/>
          </herotool.gameobjects.Sprite>
          <int connectionsCount="0"/>
          <int childCount="0"/>
        </herotool.GONode>
      </herotool.GONode>
      <herotool.GONode id="27">
        <dragontool.TransformZ id="28">
          <String name="apGreen"/>
          <boolean visible="true"/>
          <int size="0"/>
          <double tx="70.0"/>
          <double ty="-2.0"/>
          <double sx="1.0"/>
          <double sy="1.0"/>
          <double angle="-0.0"/>
          <double pivotX="0.0"/>
          <double pivotY="0.0"/>
          <boolean displayPivot="false"/>
          <float opacity="1.0"/>
          <int zOrder="4"/>
        <int tint_r="255"/> <int tint_g="255"/> <int tint_b="255"/> </dragontool.TransformZ>
        <int connectionsCount="0"/>
        <int childCount="1"/>
        <herotool.GONodeInstance id="29">
          <herotool.GONode id="25"/>
        </herotool.GONodeInstance>
      </herotool.GONode>
      <herotool.GONode id="30">
        <dragontool.TransformZ id="31">
          <String name="apGreen"/>
          <boolean visible="true"/>
          <int size="0"/>
          <double tx="87.0"/>
          <double ty="-2.0"/>
          <double sx="1.0"/>
          <double sy="1.0"/>
          <double angle="-0.0"/>
          <double pivotX="0.0"/>
          <double pivotY="0.0"/>
          <boolean displayPivot="false"/>
          <float opacity="1.0"/>
          <int zOrder="4"/>
        <int tint_r="255"/> <int tint_g="255"/> <int tint_b="255"/> </dragontool.TransformZ>
        <int connectionsCount="0"/>
        <int childCount="1"/>
        <herotool.GONodeInstance id="32">
          <herotool.GONode id="25"/>
        </herotool.GONodeInstance>
      </herotool.GONode>
      <herotool.GONode id="33">
        <dragontool.TransformZ id="34">
          <String name="apGreen"/>
          <boolean visible="true"/>
          <int size="0"/>
          <double tx="104.0"/>
          <double ty="-2.0"/>
          <double sx="1.0"/>
          <double sy="1.0"/>
          <double angle="-0.0"/>
          <double pivotX="0.0"/>
          <double pivotY="0.0"/>
          <boolean displayPivot="false"/>
          <float opacity="1.0"/>
          <int zOrder="4"/>
        <int tint_r="255"/> <int tint_g="255"/> <int tint_b="255"/> </dragontool.TransformZ>
        <int connectionsCount="0"/>
        <int childCount="1"/>
        <herotool.GONodeInstance id="35">
          <herotool.GONode id="25"/>
        </herotool.GONodeInstance>
      </herotool.GONode>
    </herotool.GONode>
    <herotool.GONode id="36">
      <herotool.gameobjects.Cell id="37">
        <String name="cell"/>
        <boolean visible="true"/>
        <int size="0"/>
        <herotool.gameobjects.Point id="38">
          <String name="point"/>
          <boolean visible="true"/>
          <int size="0"/>
          <int x="24"/>
          <int y="0"/>
        </herotool.gameobjects.Point>
        <herotool.gameobjects.Point id="39">
          <String name="point"/>
          <boolean visible="true"/>
          <int size="0"/>
          <int x="0"/>
          <int y="24"/>
        </herotool.gameobjects.Point>
        <herotool.gameobjects.GPolygon id="40">
          <String name="polygon"/>
          <boolean visible="true"/>
          <int size="0"/>
          <String points="(0, 0), (24, 0), (24, 24), (0, 24)"/>
        </herotool.gameobjects.GPolygon>
      </herotool.gameobjects.Cell>
      <int connectionsCount="0"/>
      <int childCount="3"/>
      <herotool.GONode id="41">
        <herotool.gameobjects.GPolygon id="40"/>
        <int connectionsCount="0"/>
        <int childCount="4"/>
        <herotool.GONode id="42">
          <herotool.gameobjects.Point id="43">
            <String name="point"/>
            <boolean visible="true"/>
            <int size="0"/>
            <int x="0"/>
            <int y="0"/>
          </herotool.gameobjects.Point>
          <int connectionsCount="0"/>
          <int childCount="0"/>
        </herotool.GONode>
        <herotool.GONode id="44">
          <herotool.gameobjects.Point id="45">
            <String name="point"/>
            <boolean visible="true"/>
            <int size="0"/>
            <int x="24"/>
            <int y="0"/>
          </herotool.gameobjects.Point>
          <int connectionsCount="0"/>
          <int childCount="0"/>
        </herotool.GONode>
        <herotool.GONode id="46">
          <herotool.gameobjects.Point id="47">
            <String name="point"/>
            <boolean visible="true"/>
            <int size="0"/>
            <int x="24"/>
            <int y="24"/>
          </herotool.gameobjects.Point>
          <int connectionsCount="0"/>
          <int childCount="0"/>
        </herotool.GONode>
        <herotool.GONode id="48">
          <herotool.gameobjects.Point id="49">
            <String name="point"/>
            <boolean visible="true"/>
            <int size="0"/>
            <int x="0"/>
            <int y="24"/>
          </herotool.gameobjects.Point>
          <int connectionsCount="0"/>
          <int childCount="0"/>
        </herotool.GONode>
      </herotool.GONode>
      <herotool.GONode id="50">
        <herotool.gameobjects.Point id="38"/>
        <int connectionsCount="0"/>
        <int childCount="0"/>
      </herotool.GONode>
      <herotool.GONode id="51">
        <herotool.gameobjects.Point id="39"/>
        <int connectionsCount="0"/>
        <int childCount="0"/>
      </herotool.GONode>
    </herotool.GONode>
    <herotool.GONode id="52">
      <herotool.gameobjects.IndexedTileMap id="53">
        <String name="terrainMap"/>
        <boolean visible="true"/>
        <int size="0"/>
        <herotool.GONode id="36"/>
        <herotool.gameobjects.IndexedGOTableModel id="54">
          <int rowCount="8"/>
          <int columnCount="8"/>
          <herotool.GONode id="55">
            <dragontool.TransformZ id="56">
              <String name="terrainTiles"/>
              <boolean visible="false"/>
              <int size="0"/>
              <double tx="0.0"/>
              <double ty="0.0"/>
              <double sx="1.0"/>
              <double sy="1.0"/>
              <double angle="-0.0"/>
              <double pivotX="0.0"/>
              <double pivotY="0.0"/>
              <boolean displayPivot="false"/>
              <float opacity="1.0"/>
              <int zOrder="7"/>
            <int tint_r="255"/> <int tint_g="255"/> <int tint_b="255"/> </dragontool.TransformZ>
            <int connectionsCount="0"/>
            <int childCount="5"/>
            <herotool.GONode id="57">
              <dragontool.TransformZ id="58">
                <String name="grass"/>
                <boolean visible="true"/>
                <int size="0"/>
                <double tx="0.0"/>
                <double ty="0.0"/>
                <double sx="1.0"/>
                <double sy="1.0"/>
                <double angle="-0.0"/>
                <double pivotX="0.0"/>
                <double pivotY="0.0"/>
                <boolean displayPivot="false"/>
                <float opacity="1.0"/>
                <int zOrder="2"/>
              <int tint_r="255"/> <int tint_g="255"/> <int tint_b="255"/> </dragontool.TransformZ>
              <int connectionsCount="0"/>
              <int childCount="1"/>
              <herotool.GONode id="59">
                <herotool.gameobjects.Sprite id="60">
                  <String name="grass"/>
                  <boolean visible="true"/>
                  <int size="0"/>
                  <String path="sprites\grass.png"/>
                </herotool.gameobjects.Sprite>
                <int connectionsCount="0"/>
                <int childCount="0"/>
              </herotool.GONode>
            </herotool.GONode>
            <herotool.GONode id="61">
              <dragontool.TransformZ id="62">
                <String name="grass_left"/>
                <boolean visible="true"/>
                <int size="0"/>
                <double tx="0.0"/>
                <double ty="0.0"/>
                <double sx="1.0"/>
                <double sy="1.0"/>
                <double angle="-0.0"/>
                <double pivotX="0.0"/>
                <double pivotY="0.0"/>
                <boolean displayPivot="false"/>
                <float opacity="1.0"/>
                <int zOrder="3"/>
              <int tint_r="255"/> <int tint_g="255"/> <int tint_b="255"/> </dragontool.TransformZ>
              <int connectionsCount="0"/>
              <int childCount="1"/>
              <herotool.GONode id="63">
                <herotool.gameobjects.Sprite id="64">
                  <String name="grass_left"/>
                  <boolean visible="true"/>
                  <int size="0"/>
                  <String path="sprites\grass_left.png"/>
                </herotool.gameobjects.Sprite>
                <int connectionsCount="0"/>
                <int childCount="0"/>
              </herotool.GONode>
            </herotool.GONode>
            <herotool.GONode id="65">
              <dragontool.TransformZ id="66">
                <String name="grass_top"/>
                <boolean visible="true"/>
                <int size="0"/>
                <double tx="0.0"/>
                <double ty="0.0"/>
                <double sx="1.0"/>
                <double sy="1.0"/>
                <double angle="-0.0"/>
                <double pivotX="0.0"/>
                <double pivotY="0.0"/>
                <boolean displayPivot="false"/>
                <float opacity="1.0"/>
                <int zOrder="4"/>
              <int tint_r="255"/> <int tint_g="255"/> <int tint_b="255"/> </dragontool.TransformZ>
              <int connectionsCount="0"/>
              <int childCount="1"/>
              <herotool.GONode id="67">
                <herotool.gameobjects.Sprite id="68">
                  <String name="grass_top"/>
                  <boolean visible="true"/>
                  <int size="0"/>
                  <String path="sprites\grass_top.png"/>
                </herotool.gameobjects.Sprite>
                <int connectionsCount="0"/>
                <int childCount="0"/>
              </herotool.GONode>
            </herotool.GONode>
            <herotool.GONode id="69">
              <dragontool.TransformZ id="70">
                <String name="grass_topLeft"/>
                <boolean visible="true"/>
                <int size="0"/>
                <double tx="0.0"/>
                <double ty="0.0"/>
                <double sx="1.0"/>
                <double sy="1.0"/>
                <double angle="-0.0"/>
                <double pivotX="0.0"/>
                <double pivotY="0.0"/>
                <boolean displayPivot="false"/>
                <float opacity="1.0"/>
                <int zOrder="5"/>
              <int tint_r="255"/> <int tint_g="255"/> <int tint_b="255"/> </dragontool.TransformZ>
              <int connectionsCount="0"/>
              <int childCount="1"/>
              <herotool.GONode id="71">
                <herotool.gameobjects.Sprite id="72">
                  <String name="grass_topLeft"/>
                  <boolean visible="true"/>
                  <int size="0"/>
                  <String path="sprites\grass_topLeft.png"/>
                </herotool.gameobjects.Sprite>
                <int connectionsCount="0"/>
                <int childCount="0"/>
              </herotool.GONode>
            </herotool.GONode>
            <herotool.GONode id="73">
              <dragontool.TransformZ id="74">
                <String name="sand"/>
                <boolean visible="true"/>
                <int size="0"/>
                <double tx="0.0"/>
                <double ty="0.0"/>
                <double sx="1.0"/>
                <double sy="1.0"/>
                <double angle="-0.0"/>
                <double pivotX="0.0"/>
                <double pivotY="0.0"/>
                <boolean displayPivot="false"/>
                <float opacity="1.0"/>
                <int zOrder="6"/>
              <int tint_r="255"/> <int tint_g="255"/> <int tint_b="255"/> </dragontool.TransformZ>
              <int connectionsCount="0"/>
              <int childCount="1"/>
              <herotool.GONode id="75">
                <herotool.gameobjects.Sprite id="76">
                  <String name="sand"/>
                  <boolean visible="true"/>
                  <int size="0"/>
                  <String path="sprites\sand.png"/>
                </herotool.gameobjects.Sprite>
                <int connectionsCount="0"/>
                <int childCount="0"/>
              </herotool.GONode>
            </herotool.GONode>
          </herotool.GONode>
          <int index_0_0="-1"/>
          <int index_0_1="-1"/>
          <int index_0_2="-1"/>
          <int index_0_3="-1"/>
          <int index_0_4="-1"/>
          <int index_0_5="-1"/>
          <int index_0_6="-1"/>
          <int index_0_7="-1"/>
          <int index_1_0="-1"/>
          <int index_1_1="4"/>
          <int index_1_2="4"/>
          <int index_1_3="-1"/>
          <int index_1_4="-1"/>
          <int index_1_5="-1"/>
          <int index_1_6="-1"/>
          <int index_1_7="-1"/>
          <int index_2_0="-1"/>
          <int index_2_1="4"/>
          <int index_2_2="3"/>
          <int index_2_3="2"/>
          <int index_2_4="2"/>
          <int index_2_5="-1"/>
          <int index_2_6="-1"/>
          <int index_2_7="-1"/>
          <int index_3_0="-1"/>
          <int index_3_1="4"/>
          <int index_3_2="1"/>
          <int index_3_3="0"/>
          <int index_3_4="0"/>
          <int index_3_5="0"/>
          <int index_3_6="0"/>
          <int index_3_7="0"/>
          <int index_4_0="-1"/>
          <int index_4_1="4"/>
          <int index_4_2="1"/>
          <int index_4_3="0"/>
          <int index_4_4="0"/>
          <int index_4_5="0"/>
          <int index_4_6="0"/>
          <int index_4_7="0"/>
          <int index_5_0="-1"/>
          <int index_5_1="4"/>
          <int index_5_2="1"/>
          <int index_5_3="0"/>
          <int index_5_4="0"/>
          <int index_5_5="0"/>
          <int index_5_6="0"/>
          <int index_5_7="0"/>
          <int index_6_0="4"/>
          <int index_6_1="4"/>
          <int index_6_2="1"/>
          <int index_6_3="0"/>
          <int index_6_4="0"/>
          <int index_6_5="0"/>
          <int index_6_6="0"/>
          <int index_6_7="0"/>
          <int index_7_0="4"/>
          <int index_7_1="4"/>
          <int index_7_2="1"/>
          <int index_7_3="0"/>
          <int index_7_4="0"/>
          <int index_7_5="0"/>
          <int index_7_6="0"/>
          <int index_7_7="0"/>
        </herotool.gameobjects.IndexedGOTableModel>
        <boolean showCells="false"/>
      </herotool.gameobjects.IndexedTileMap>
      <int connectionsCount="0"/>
      <int childCount="0"/>
    </herotool.GONode>
    <herotool.GONode id="55"/>
  </herotool.GONode>
